-- TABELA: familia_de_origem
INSERT INTO familia_de_origem (endereco_logradouro, endereco_numero, endereco_bairro, endereco_cidade, endereco_cep, renda_familiar_mensal, acompanhamento) VALUES
('Av. Alonso Y Alonso', '450', 'Jardim Veneza', 'Franca', '14400-190', 1412.00, 'Ativo'),
('Rua Voluntários da Franca', '1020', 'Centro', 'Franca', '14400-490', 2100.50, 'Em monitoramento'),
('Rua Simpliciano Pombo', '305', 'Vila Nova', 'Franca', '14401-135', 0.00, 'Ativo'),
('Avenida Brasil', '2500', 'Jardim Paulistano', 'Franca', '14402-450', 2824.00, 'Desligado'),
('Rua General Carneiro', '801', 'Centro', 'Franca', '14400-500', 850.00, 'Ativo'),
('Rua do Comércio', '15A', 'Estação', 'Franca', '14404-000', 1800.00, 'Ativo'),
('Av. Chico Júlio', '4050', 'Jardim Integracao', 'Franca', '14405-250', 3500.00, 'Em monitoramento'),
('Rua Evangelista de Lima', '99', 'Vila Aparecida', 'Franca', '14401-240', 1200.75, 'Desligado'),
('Rua Francisco Marques', '1200', 'Vila São Sebastião', 'Franca', '14406-033', 600.00, 'Ativo'),
('Avenida Presidente Vargas', '180', 'Cidade Nova', 'Franca', '14401-110', 4200.00, 'Em monitoramento'),
('Rua Carlos do Carmo', '400', 'Cidade Nova', 'Franca', '14401-130', 950.00, 'Ativo'),
('Av. Adhemar de Barros', '1100', 'Jardim Brasilandia', 'Franca', '14402-250', 1412.00, 'Desligado'),
('Rua Rio Grande do Sul', '555', 'Jardim Paulista', 'Franca', '14401-200', 2200.00, 'Ativo'),
('Rua Minas Gerais', '321', 'Vila Aparecida', 'Franca', '14401-210', 1350.50, 'Em monitoramento'),
('Rua São Paulo', '777', 'Jardim Paulista', 'Franca', '14401-215', 3100.00, 'Desligado'),
('Rua Ouvidor Freire', '2010', 'Centro', 'Franca', '14400-510', 0.00, 'Ativo'),
('Avenida Hélio Palermo', '3000', 'Jardim Boa Esperança', 'Franca', '14405-140', 1750.00, 'Ativo'),
('Rua Estevão Leão Bourroul', '150', 'Centro', 'Franca', '14400-530', 2500.00, 'Em monitoramento'),
('Rua Prudente de Morais', '602', 'Cidade Nova', 'Franca', '14401-150', 1412.00, 'Ativo'),
('Avenida Doutor Ismael Alonso Y Alonso', '1200', 'São José', 'Franca', '14401-426', 800.00, 'Desligado'),
('Rua Padre Anchieta', '905', 'Centro', 'Franca', '14400-740', 1600.80, 'Ativo'),
('Rua Marechal Deodoro', '1450', 'Centro', 'Franca', '14400-440', 1100.00, 'Em monitoramento'),
('Rua Campos Salles', '111', 'Centro', 'Franca', '14400-710', 2900.00, 'Desligado'),
('Rua Gonçalves Dias', '333', 'Vila Nova', 'Franca', '14401-140', 1412.00, 'Ativo'),
('Rua Tiradentes', '888', 'Centro', 'Franca', '14400-540', 550.00, 'Ativo'),
('Rua Saldanha Marinho', '170', 'Vila Nova', 'Franca', '14401-170', 2150.00, 'Em monitoramento'),
('Avenida Major Nicácio', '2100', 'Cidade Nova', 'Franca', '14401-135', 3800.00, 'Desligado'),
('Rua Doutor Júlio Cardoso', '1905', 'Centro', 'Franca', '14400-730', 0.00, 'Ativo'),
('Rua Homero Alves', '101', 'Centro', 'Franca', '14400-010', 1412.00, 'Ativo'),
('Rua Coronel Tamarindo', '420', 'Vila Nova', 'Franca', '14401-180', 2300.25, 'Em monitoramento'),
('Rua Major Claudiano', '2050', 'Centro', 'Franca', '14400-690', 1250.00, 'Desligado'),
('Rua Voluntários da Franca', '100', 'Centro', 'Franca', '14400-490', 4100.00, 'Ativo'),
('Rua Floriano Peixoto', '505', 'Vila Nova', 'Franca', '14401-160', 1412.00, 'Ativo'),
('Avenida Santa Cruz', '800', 'Vila Santa Cruz', 'Franca', '14401-260', 900.00, 'Em monitoramento'),
('Rua Doutor Vital Brasil', '222', 'Jardim Brasilândia', 'Franca', '14402-260', 2750.00, 'Desligado'),
('Rua Orestes Dal Fabbro', '11', 'Parque Progresso', 'Franca', '14403-010', 0.00, 'Ativo'),
('Avenida Magistrado Renato Salles Abreu', '404', 'Parque Vicente Leporace', 'Franca', '14404-020', 1412.00, 'Ativo'),
('Rua Abraão Brickmann', '510', 'Parque Vicente Leporace', 'Franca', '14404-030', 1600.00, 'Em monitoramento'),
('Rua Doutor Antônio de Petta', '30', 'Jardim Aeroporto I', 'Franca', '14404-040', 2050.00, 'Desligado'),
('Rua Doutor Nelson Lemos', '111', 'Jardim Aeroporto II', 'Franca', '14404-050', 850.50, 'Ativo'),
('Rua Doutor Sílvio de Ávila', '45', 'Jardim Aeroporto III', 'Franca', '14404-060', 1412.00, 'Ativo'),
('Avenida César Martins Pirajá', '890', 'Jardim Aeroporto', 'Franca', '14404-070', 3150.00, 'Em monitoramento'),
('Rua Justiniano Alves Taveira', '230', 'Jardim Francano', 'Franca', '14405-010', 0.00, 'Desligado'),
('Rua Augusto Vítor Engholm', '78', 'Jardim Consolação', 'Franca', '14405-020', 1412.00, 'Ativo'),
('Rua Antônio Modesto de Souza', '90', 'Jardim Consolação', 'Franca', '14405-030', 1900.00, 'Ativo'),
('Rua Sargento Aldrovandi', '155', 'Vila Santos Dumont', 'Franca', '14405-040', 2400.00, 'Em monitoramento'),
('Avenida Moacir Vieira Coelho', '2000', 'Jardim Redentor', 'Franca', '14405-050', 1100.00, 'Desligado'),
('Rua Francisco Társia', '33', 'Vila São Sebastião', 'Franca', '14406-010', 1412.00, 'Ativo'),
('Rua Carmem Irene Batista', '80', 'Jardim Seminário', 'Franca', '14406-020', 2900.50, 'Ativo'),
('Rua Carlos de Vilhena', '3400', 'Estação', 'Franca', '14406-040', 700.00, 'Em monitoramento'),
('Avenida Santos Dumont', '500', 'Estação', 'Franca', '14406-050', 1412.00, 'Desligado'),
('Rua Simão Caleiro', '1234', 'Centro', 'Franca', '14400-050', 1850.00, 'Ativo'),
('Rua Monsenhor Rosa', '1987', 'Centro', 'Franca', '14400-060', 3600.00, 'Ativo'),
('Rua Doutor Washigton Luiz', '432', 'Estação', 'Franca', '14406-060', 1412.00, 'Em monitoramento'),
('Rua Doutor Antônio Carlos', '567', 'Estação', 'Franca', '14406-070', 0.00, 'Ativo');

-- TABELA: colaborador
INSERT INTO colaborador (matricula, primeiro_nome, sobrenome, cargo, registro_conselho, email_institucional, vinculo_empregaticio, data_admissao, data_desligamento) VALUES
('MAT-001', 'Luan', 'Lamarca', 'Assistente Social', 'CRESS SP 73.822', 'luan.lamarca@saica.org', 'Efetivo', '2024-02-10', NULL),
('MAT-002', 'Lindalva', 'Souza', 'Cuidadora', NULL, 'lindalva.souza@saica.org', 'Efetivo', '2022-05-15', NULL),
('MAT-003', 'Mariana', 'Oliveira', 'Psicóloga', 'CRP SP 12345', 'mariana.oliveira@saica.org', 'Efetivo', '2023-01-20', NULL),
('MAT-004', 'Carlos', 'Eduardo', 'Coordenador', 'CRESS SP 45.678', 'carlos.eduardo@saica.org', 'Comissionado', '2020-08-01', NULL),
('MAT-005', 'Fernanda', 'Costa', 'Cuidadora', NULL, 'fernanda.costa@saica.org', 'Efetivo', '2024-01-10', NULL),
('MAT-006', 'Roberto', 'Alves', 'Motorista', NULL, 'roberto.alves@saica.org', 'Terceirizado', '2021-03-15', NULL),
('MAT-007', 'Ana', 'Paula', 'Assistente Social', 'CRESS SP 88.123', 'ana.paula@saica.org', 'Efetivo', '2021-11-05', NULL),
('MAT-008', 'Juliana', 'Mendes', 'Cuidadora', NULL, 'juliana.mendes@saica.org', 'Efetivo', '2023-09-01', NULL),
('MAT-009', 'Pedro', 'Henrique', 'Auxiliar Administrativo', NULL, 'pedro.henrique@saica.org', 'Efetivo', '2024-03-20', NULL),
('MAT-010', 'Beatriz', 'Santos', 'Psicóloga', 'CRP SP 54321', 'beatriz.santos@saica.org', 'Efetivo', '2022-07-10', NULL),
('MAT-011', 'Lucas', 'Ferreira', 'Cuidador', NULL, 'lucas.ferreira@saica.org', 'Efetivo', '2023-04-12', NULL),
('MAT-012', 'Camila', 'Rocha', 'Cozinheira', NULL, 'camila.rocha@saica.org', 'Terceirizado', '2020-10-05', NULL),
('MAT-013', 'Marcos', 'Vinícius', 'Cuidador', NULL, 'marcos.vinicius@saica.org', 'Efetivo', '2023-11-20', NULL),
('MAT-014', 'Patrícia', 'Lima', 'Auxiliar de Limpeza', NULL, 'patricia.lima@saica.org', 'Terceirizado', '2021-02-18', NULL),
('MAT-015', 'Rafael', 'Gomes', 'Cuidador', NULL, 'rafael.gomes@saica.org', 'Efetivo', '2024-01-05', NULL),
('MAT-016', 'Silvia', 'Carvalho', 'Assistente Social', 'CRESS SP 55.444', 'silvia.carvalho@saica.org', 'Efetivo', '2018-05-10', '2023-12-20'),
('MAT-017', 'Diego', 'Martins', 'Cuidador', NULL, 'diego.martins@saica.org', 'Efetivo', '2022-08-15', NULL),
('MAT-018', 'Bruna', 'Ribeiro', 'Psicóloga', 'CRP SP 98765', 'bruna.ribeiro@saica.org', 'Efetivo', '2019-04-20', '2022-01-10'),
('MAT-019', 'Thiago', 'Silva', 'Educador Físico', 'CREF 1234-G/SP', 'thiago.silva@saica.org', 'Contrato', '2023-06-01', NULL),
('MAT-020', 'Letícia', 'Almeida', 'Cuidadora', NULL, 'leticia.almeida@saica.org', 'Efetivo', '2024-02-28', NULL),
('MAT-021', 'Marcelo', 'Barbosa', 'Motorista', NULL, 'marcelo.barbosa@saica.org', 'Terceirizado', '2021-05-10', NULL),
('MAT-022', 'Aline', 'Teixeira', 'Auxiliar Administrativo', NULL, 'aline.teixeira@saica.org', 'Efetivo', '2022-11-14', NULL),
('MAT-023', 'Rodrigo', 'Machado', 'Cuidador', NULL, 'rodrigo.machado@saica.org', 'Efetivo', '2023-02-10', NULL),
('MAT-024', 'Amanda', 'Correia', 'Cozinheira', NULL, 'amanda.correia@saica.org', 'Terceirizado', '2019-09-15', '2024-01-15'),
('MAT-025', 'Fábio', 'Nunes', 'Cuidador', NULL, 'fabio.nunes@saica.org', 'Efetivo', '2023-08-05', NULL),
('MAT-026', 'Vanessa', 'Araújo', 'Assistente Social', 'CRESS SP 22.333', 'vanessa.araujo@saica.org', 'Efetivo', '2020-03-10', NULL),
('MAT-027', 'Gustavo', 'Melo', 'Cuidador', NULL, 'gustavo.melo@saica.org', 'Efetivo', '2024-04-01', NULL),
('MAT-028', 'Tatiane', 'Cardoso', 'Psicóloga', 'CRP SP 34567', 'tatiane.cardoso@saica.org', 'Efetivo', '2021-08-20', NULL),
('MAT-029', 'Leandro', 'Dias', 'Auxiliar de Limpeza', NULL, 'leandro.dias@saica.org', 'Terceirizado', '2022-04-10', NULL),
('MAT-030', 'Carolina', 'Castro', 'Cuidadora', NULL, 'carolina.castro@saica.org', 'Efetivo', '2023-10-15', NULL),
('MAT-031', 'Renato', 'Monteiro', 'Cuidador', NULL, 'renato.monteiro@saica.org', 'Efetivo', '2022-12-01', NULL),
('MAT-032', 'Natália', 'Pires', 'Coordenadora', 'CRP SP 11223', 'natalia.pires@saica.org', 'Comissionado', '2017-02-15', '2020-07-30'),
('MAT-033', 'Eduardo', 'Fonseca', 'Cuidador', NULL, 'eduardo.fonseca@saica.org', 'Efetivo', '2024-01-20', NULL),
('MAT-034', 'Priscila', 'Viana', 'Assistente Social', 'CRESS SP 66.777', 'priscila.viana@saica.org', 'Efetivo', '2022-09-05', NULL),
('MAT-035', 'Vitor', 'Campos', 'Cuidador', NULL, 'vitor.campos@saica.org', 'Efetivo', '2023-05-25', NULL),
('MAT-036', 'Daniela', 'Borges', 'Psicóloga', 'CRP SP 76543', 'daniela.borges@saica.org', 'Efetivo', '2020-11-10', NULL),
('MAT-037', 'Felipe', 'Moura', 'Cuidador', NULL, 'felipe.moura@saica.org', 'Efetivo', '2024-03-05', NULL),
('MAT-038', 'Sônia', 'Batista', 'Cozinheira', NULL, 'sonia.batista@saica.org', 'Terceirizado', '2024-02-01', NULL),
('MAT-039', 'Igor', 'Faria', 'Cuidador', NULL, 'igor.faria@saica.org', 'Efetivo', '2021-07-15', '2023-08-20'),
('MAT-040', 'Lorena', 'Xavier', 'Assistente Social', 'CRESS SP 99.888', 'lorena.xavier@saica.org', 'Efetivo', '2019-10-10', NULL),
('MAT-041', 'Alexandre', 'Duarte', 'Cuidador', NULL, 'alexandre.duarte@saica.org', 'Efetivo', '2023-03-12', NULL),
('MAT-042', 'Milena', 'Goulart', 'Psicóloga', 'CRP SP 45678', 'milena.goulart@saica.org', 'Efetivo', '2022-02-18', NULL),
('MAT-043', 'Caio', 'Cunha', 'Auxiliar Administrativo', NULL, 'caio.cunha@saica.org', 'Efetivo', '2023-08-30', NULL),
('MAT-044', 'Renata', 'Peixoto', 'Cuidadora', NULL, 'renata.peixoto@saica.org', 'Efetivo', '2024-04-15', NULL),
('MAT-045', 'André', 'Vieira', 'Cuidador', NULL, 'andre.vieira@saica.org', 'Efetivo', '2022-06-22', NULL),
('MAT-046', 'Márcia', 'Nascimento', 'Auxiliar de Limpeza', NULL, 'marcia.nascimento@saica.org', 'Terceirizado', '2020-12-05', NULL),
('MAT-047', 'Tiago', 'Lopes', 'Cuidador', NULL, 'tiago.lopes@saica.org', 'Efetivo', '2023-11-05', NULL),
('MAT-048', 'Sabrina', 'Farias', 'Assistente Social', 'CRESS SP 33.222', 'sabrina.farias@saica.org', 'Efetivo', '2021-04-15', NULL),
('MAT-049', 'João', 'Batista', 'Motorista', NULL, 'joao.batista@saica.org', 'Terceirizado', '2023-01-10', '2023-12-15'),
('MAT-050', 'Clarice', 'Mendes', 'Cuidadora', NULL, 'clarice.mendes@saica.org', 'Efetivo', '2024-05-01', NULL),
('MAT-051', 'Vinícius', 'Barros', 'Cuidador', NULL, 'vinicius.barros@saica.org', 'Efetivo', '2022-09-10', NULL),
('MAT-052', 'Gabriela', 'Moraes', 'Psicóloga', 'CRP SP 87654', 'gabriela.moraes@saica.org', 'Efetivo', '2023-07-25', NULL),
('MAT-053', 'Fernando', 'Rezende', 'Coordenador', 'CRESS SP 11.999', 'fernando.rezende@saica.org', 'Comissionado', '2024-01-05', NULL),
('MAT-054', 'Luciana', 'Pinto', 'Cuidadora', NULL, 'luciana.pinto@saica.org', 'Efetivo', '2021-10-20', NULL),
('MAT-055', 'Roberto', 'Coutinho', 'Cuidador', NULL, 'roberto.coutinho@saica.org', 'Efetivo', '2023-03-01', NULL);

-- TABELA: documentos
INSERT INTO documentos (tipo, numero_documento, data_emissao, situacao) VALUES
('Certidão de Nascimento', '11223344556677889900112233445566', '2015-05-15', 'Ativo'),
('RG', '52.123.456-7', '2022-10-10', 'Ativo'),
('CPF', '123.456.789-01', '2022-10-15', 'Ativo'),
('Cartão SUS', '700011122233344', '2015-06-01', 'Ativo'),
('Carteira de Vacinação', 'S/N', '2015-05-20', 'Perdido'),
('Certidão de Nascimento', '22334455667788990011223344556677', '2018-02-10', 'Ativo'),
('RG', '54.987.654-3', '2023-01-20', '2ª Via Solicitada'),
('Cartão SUS', '700055566677788', '2018-03-05', 'Ativo'),
('Declaração Escolar', 'S/N', '2026-01-25', 'Ativo'),
('Certidão de Nascimento', '33445566778899001122334455667788', '2012-11-30', 'Rasgado/Danificado'),
('CPF', '987.654.321-09', '2020-05-12', 'Ativo'),
('Carteira de Vacinação', 'S/N', '2012-12-15', 'Ativo'),
('RG', '45.111.222-3', '2019-08-08', 'Ativo'),
('Certidão de Nascimento', '44556677889900112233445566778899', '2021-07-22', 'Retido no Fórum'),
('Cartão SUS', '700099988877766', '2021-08-01', 'Ativo'),
('Certidão de Nascimento', '55667788990011223344556677889900', '2016-04-18', 'Ativo'),
('RG', '58.333.444-5', '2024-02-10', 'Ativo'),
('CPF', '111.222.333-44', '2024-02-15', 'Ativo'),
('Carteira de Vacinação', 'S/N', '2016-05-10', 'Ativo'),
('Declaração Escolar', 'S/N', '2026-02-05', 'Ativo'),
('Certidão de Nascimento', '66778899001122334455667788990011', '2014-09-05', 'Perdido'),
('Cartão SUS', '700012312312312', '2014-09-20', 'Ativo'),
('RG', '55.666.777-8', '2021-11-11', 'Ativo'),
('CPF', '555.666.777-88', '2021-11-12', '2ª Via Solicitada'),
('Certidão de Nascimento', '77889900112233445566778899001122', '2019-01-30', 'Ativo'),
('Carteira de Vacinação', 'S/N', '2019-02-15', 'Ativo'),
('Cartão SUS', '700098798798798', '2019-02-10', 'Ativo'),
('RG', '48.999.000-1', '2025-05-05', 'Ativo'),
('Certidão de Nascimento', '88990011223344556677889900112233', '2023-08-14', 'Ativo'),
('Declaração Escolar', 'S/N', '2026-01-30', 'Ativo'),
('CPF', '999.888.777-66', '2025-06-01', 'Ativo'),
('Cartão SUS', '700045645645645', '2023-09-01', 'Ativo'),
('Certidão de Nascimento', '99001122334455667788990011223344', '2017-03-25', 'Retido com a Família'),
('RG', '50.123.987-6', '2022-04-10', 'Ativo'),
('Carteira de Vacinação', 'S/N', '2017-04-05', 'Ativo'),
('Certidão de Nascimento', '00112233445566778899001122334455', '2020-12-10', 'Ativo'),
('CPF', '444.555.666-77', '2023-01-15', 'Ativo'),
('Cartão SUS', '700032132132132', '2021-01-05', 'Ativo'),
('RG', '59.876.543-2', '2025-10-20', 'Ativo'),
('Declaração Escolar', 'S/N', '2026-02-10', 'Ativo'),
('Certidão de Nascimento', '12345678901234567890123456789012', '2011-06-15', 'Ativo'),
('Carteira de Vacinação', 'S/N', '2011-07-20', 'Perdido'),
('Cartão SUS', '700065465465465', '2011-08-10', 'Ativo'),
('RG', '46.555.444-3', '2019-09-09', '2ª Via Solicitada'),
('CPF', '121.323.434-55', '2019-10-10', 'Ativo'),
('Certidão de Nascimento', '98765432109876543210987654321098', '2022-05-05', 'Ativo'),
('Cartão SUS', '700078978978978', '2022-06-01', 'Ativo'),
('Declaração Escolar', 'S/N', '2026-03-01', 'Ativo'),
('RG', '57.111.999-0', '2024-11-15', 'Ativo'),
('Carteira de Vacinação', 'S/N', '2022-05-20', 'Ativo'),
('Certidão de Nascimento', '56473829105647382910564738291056', '2013-10-10', 'Rasgado/Danificado'),
('CPF', '654.789.123-00', '2021-04-12', 'Ativo'),
('Cartão SUS', '700085285285285', '2013-11-05', 'Ativo'),
('RG', '53.456.789-1', '2020-07-25', 'Ativo'),
('Declaração Escolar', 'S/N', '2026-02-15', 'Ativo');

-- TABELA: responsavel_familia
INSERT INTO responsavel_familia (id_familia, nome_responsavel) VALUES
(1, 'Maria Aparecida da Silva'),
(2, 'José Carlos Oliveira'),
(3, 'Ana Rita de Souza'),
(4, 'Marta Helena Santos'),
(5, 'Roberto Carlos Alves'),
(6, 'Lucia Fátima Costa'),
(7, 'Antônio Marcos Ferreira'),
(8, 'Sandra Regina Mendes'),
(9, 'Paulo Roberto Gomes'),
(10, 'Sonia Maria Carvalho'),
(11, 'João Pedro Martins'),
(12, 'Patricia Silva Ribeiro'),
(13, 'Marcos Vinícius Almeida'),
(14, 'Fernanda Barbosa Machado'),
(15, 'Luiz Henrique Correia'),
(16, 'Claudia Nunes Araújo'),
(17, 'Ricardo Melo Cardoso'),
(18, 'Camila Dias Castro'),
(19, 'Eduardo Monteiro Pires'),
(20, 'Beatriz Fonseca Viana'),
(21, 'Fernando Campos Borges'),
(22, 'Renata Moura Batista'),
(23, 'Marcelo Faria Xavier'),
(24, 'Juliana Duarte Goulart'),
(25, 'Rafael Cunha Peixoto'),
(26, 'Tatiane Vieira Nascimento'),
(27, 'Fábio Lopes Farias'),
(28, 'Vanessa Mendes Barros'),
(29, 'Thiago Moraes Rezende'),
(30, 'Aline Pinto Coutinho'),
(31, 'Lucas da Silva'),
(32, 'Mariana Oliveira Souza'),
(33, 'Carlos Eduardo Costa'),
(34, 'Bruna Alves Ferreira'),
(35, 'Diego Mendes Gomes'),
(36, 'Letícia Carvalho Martins'),
(37, 'Rodrigo Ribeiro Almeida'),
(38, 'Amanda Barbosa Machado'),
(39, 'Gustavo Correia Araújo'),
(40, 'Carolina Melo Cardoso'),
(41, 'Leandro Dias Castro'),
(42, 'Natália Monteiro Pires'),
(43, 'Igor Fonseca Viana'),
(44, 'Milena Campos Borges'),
(45, 'Caio Moura Batista'),
(46, 'Sílvia Faria Xavier'),
(47, 'Alexandre Duarte Goulart'),
(48, 'Sabrina Cunha Peixoto'),
(49, 'Vinícius Vieira Nascimento'),
(50, 'Gabriela Lopes Farias'),
(51, 'André Mendes Barros'),
(52, 'Márcia Moraes Rezende'),
(53, 'Tiago Pinto Coutinho'),
(54, 'Clarice da Silva'),
(55, 'Luciana Oliveira Souza');

-- TABELA: telefone_familia
INSERT INTO telefone_familia (id_familia, numero_telefone) VALUES
(1, '(16) 99123-4567'),
(1, '(16) 3721-0001'),
(2, '(16) 99234-5678'),
(3, '(16) 98145-6789'),
(3, '(16) 3722-1111'),
(4, '(16) 98856-7890'),
(5, '(16) 3721-1234'),
(5, '(16) 99999-8888'),
(6, '(16) 99367-8901'),
(7, '(16) 99478-9012'),
(7, '(16) 3723-4444'),
(8, '(16) 98289-0123'),
(9, '(16) 98790-1234'),
(10, '(16) 3722-5678'),
(10, '(16) 99100-2000'),
(11, '(16) 99111-2233'),
(12, '(16) 99222-3344'),
(13, '(16) 98133-4455'),
(14, '(16) 98844-5566'),
(14, '(16) 3721-9999'),
(15, '(16) 3723-9012'),
(16, '(16) 99355-6677'),
(17, '(16) 99466-7788'),
(18, '(16) 98277-8899'),
(18, '(16) 99222-1111'),
(19, '(16) 98788-9900'),
(20, '(16) 3724-1122'),
(21, '(16) 99199-8877'),
(22, '(16) 99288-7766'),
(22, '(16) 3725-8888'),
(23, '(16) 98177-6655'),
(24, '(16) 98866-5544'),
(25, '(16) 3725-3344'),
(26, '(16) 99344-3322'),
(27, '(16) 99433-2211'),
(27, '(16) 98111-5555'),
(28, '(16) 98222-1100'),
(29, '(16) 98711-0099'),
(30, '(16) 3726-5566'),
(31, '(16) 99155-4433'),
(32, '(16) 99266-5544'),
(32, '(16) 3726-0000'),
(33, '(16) 98122-3311'),
(34, '(16) 98833-4422'),
(35, '(16) 3727-7788'),
(36, '(16) 99311-9988'),
(37, '(16) 99422-8877'),
(37, '(16) 99123-0000'),
(38, '(16) 98233-7766'),
(39, '(16) 98744-6655'),
(40, '(16) 3728-9900'),
(41, '(16) 99166-1122'),
(42, '(16) 99277-2233'),
(43, '(16) 98188-3344'),
(44, '(16) 98899-4455'),
(45, '(16) 3729-2233'),
(46, '(16) 99322-5566'),
(47, '(16) 99433-6677'),
(48, '(16) 98244-7788'),
(49, '(16) 98755-8899'),
(50, '(16) 3730-4455'),
(51, '(16) 99144-9900'),
(52, '(16) 99255-8811'),
(53, '(16) 98166-7722'),
(54, '(16) 98877-6633'),
(55, '(16) 3731-6677');

-- TABELA: telefone_colaborador
INSERT INTO telefone_colaborador (matricula_colaborador, numero_telefone) VALUES
('MAT-001', '(16) 98111-1001'),
('MAT-001', '(16) 3721-1001'),
('MAT-002', '(16) 98222-1002'),
('MAT-003', '(16) 98333-1003'),
('MAT-003', '(16) 3721-1003'),
('MAT-004', '(16) 98444-1004'),
('MAT-004', '(16) 3721-1004'),
('MAT-005', '(16) 98555-1005'),
('MAT-006', '(16) 98666-1006'),
('MAT-007', '(16) 98777-1007'),
('MAT-007', '(16) 3721-1007'),
('MAT-008', '(16) 98888-1008'),
('MAT-009', '(16) 98999-1009'),
('MAT-010', '(16) 99000-1010'),
('MAT-010', '(16) 3721-1010'),
('MAT-011', '(16) 99111-1011'),
('MAT-012', '(16) 99222-1012'),
('MAT-013', '(16) 99333-1013'),
('MAT-014', '(16) 99444-1014'),
('MAT-015', '(16) 99555-1015'),
('MAT-016', '(16) 99666-1016'),
('MAT-017', '(16) 99777-1017'),
('MAT-018', '(16) 99888-1018'),
('MAT-019', '(16) 99999-1019'),
('MAT-020', '(16) 98120-1020'),
('MAT-021', '(16) 98221-1021'),
('MAT-022', '(16) 98322-1022'),
('MAT-023', '(16) 98423-1023'),
('MAT-024', '(16) 98524-1024'),
('MAT-025', '(16) 98625-1025'),
('MAT-026', '(16) 98726-1026'),
('MAT-027', '(16) 98827-1027'),
('MAT-028', '(16) 98928-1028'),
('MAT-029', '(16) 99029-1029'),
('MAT-030', '(16) 99130-1030'),
('MAT-031', '(16) 99231-1031'),
('MAT-032', '(16) 99332-1032'),
('MAT-033', '(16) 99433-1033'),
('MAT-034', '(16) 99534-1034'),
('MAT-035', '(16) 99635-1035'),
('MAT-036', '(16) 99736-1036'),
('MAT-037', '(16) 99837-1037'),
('MAT-038', '(16) 99938-1038'),
('MAT-039', '(16) 98139-1039'),
('MAT-040', '(16) 98240-1040'),
('MAT-041', '(16) 98341-1041'),
('MAT-042', '(16) 98442-1042'),
('MAT-043', '(16) 98543-1043'),
('MAT-044', '(16) 98644-1044'),
('MAT-045', '(16) 98745-1045'),
('MAT-046', '(16) 98846-1046'),
('MAT-047', '(16) 98947-1047'),
('MAT-048', '(16) 99048-1048'),
('MAT-049', '(16) 99149-1049'),
('MAT-050', '(16) 99250-1050'),
('MAT-051', '(16) 99351-1051'),
('MAT-052', '(16) 99452-1052'),
('MAT-053', '(16) 99553-1053'),
('MAT-054', '(16) 99654-1054'),
('MAT-055', '(16) 99755-1055');

-- TABELA: acolhido
INSERT INTO acolhido (numero_prontuario, id_familia, primeiro_nome, sobrenome, data_nascimento, sexo, raca_cor, situacao_atual, data_acolhimento, motivo_acolhimento, data_desligamento, tipo_desligamento) VALUES
('PRONT-2021-001', 1, 'João', 'Silva', '2010-05-15', 'Masculino', 'Parda', 'Desligado', '2021-02-10', 'Negligência grave ou omissão dos pais/responsáveis', '2022-12-20', 'Reintegração Familiar'),
('PRONT-2021-002', 2, 'Ana', 'Oliveira', '2015-08-22', 'Feminino', 'Branca', 'Acolhido', '2021-03-05', 'Abandono material, moral ou intelectual', NULL, NULL),
('PRONT-2021-003', 3, 'Carlos', 'Souza', '2008-11-30', 'Masculino', 'Preta', 'Desligado', '2021-06-15', 'Maus-tratos físicos ou agressões frequentes', '2023-01-10', 'Maioridade'),
('PRONT-2021-004', 4, 'Beatriz', 'Santos', '2018-01-10', 'Feminino', 'Parda', 'Acolhido', '2021-07-20', 'Uso abusivo de drogas pelos responsáveis, impedindo o cuidado', NULL, NULL),
('PRONT-2021-005', 5, 'Pedro', 'Alves', '2012-04-18', 'Masculino', 'Branca', 'Desligado', '2021-09-05', 'Abandono material, moral ou intelectual', '2022-05-15', 'Guarda para família extensa'),
('PRONT-2021-006', 6, 'Mariana', 'Costa', '2016-12-05', 'Feminino', 'Parda', 'Acolhido', '2021-10-12', 'Negligência grave ou omissão dos pais/responsáveis', NULL, NULL),
('PRONT-2022-007', 7, 'Lucas', 'Ferreira', '2014-02-28', 'Masculino', 'Branca', 'Desligado', '2022-01-15', 'Abuso ou exploração sexual no ambiente familiar ou próximo', '2023-08-20', 'Adoção'),
('PRONT-2022-008', 8, 'Juliana', 'Mendes', '2017-07-07', 'Feminino', 'Preta', 'Acolhido', '2022-02-20', 'Abandono material, moral ou intelectual', NULL, NULL),
('PRONT-2022-009', 9, 'Marcos', 'Gomes', '2011-09-14', 'Masculino', 'Parda', 'Desligado', '2022-04-10', 'Violência psicológica ou humilhações constantes', '2023-11-30', 'Reintegração Familiar'),
('PRONT-2022-010', 10, 'Fernanda', 'Carvalho', '2019-05-20', 'Feminino', 'Branca', 'Acolhido', '2022-05-05', 'Negligência grave ou omissão dos pais/responsáveis', NULL, NULL),
('PRONT-2022-011', 10, 'Thiago', 'Carvalho', '2020-08-15', 'Masculino', 'Branca', 'Acolhido', '2022-05-05', 'Negligência grave ou omissão dos pais/responsáveis', NULL, NULL),
('PRONT-2022-012', 11, 'Camila', 'Martins', '2013-10-10', 'Feminino', 'Parda', 'Desligado', '2022-06-18', 'Maus-tratos físicos ou agressões frequentes', '2024-01-05', 'Guarda para família extensa'),
('PRONT-2022-013', 12, 'Rafael', 'Ribeiro', '2009-12-25', 'Masculino', 'Preta', 'Acolhido', '2022-08-01', 'Uso abusivo de drogas pelos responsáveis, impedindo o cuidado', NULL, NULL),
('PRONT-2022-014', 13, 'Letícia', 'Almeida', '2015-03-30', 'Feminino', 'Branca', 'Desligado', '2022-09-15', 'Transtornos mentais severos dos pais sem rede de apoio', '2023-12-10', 'Reintegração Familiar'),
('PRONT-2022-015', 14, 'Rodrigo', 'Machado', '2016-06-12', 'Masculino', 'Parda', 'Acolhido', '2022-10-20', 'Abandono material, moral ou intelectual', NULL, NULL),
('PRONT-2022-016', 14, 'Aline', 'Machado', '2018-09-05', 'Feminino', 'Parda', 'Acolhido', '2022-10-20', 'Abandono material, moral ou intelectual', NULL, NULL),
('PRONT-2023-017', 15, 'Fábio', 'Correia', '2010-01-20', 'Masculino', 'Branca', 'Desligado', '2023-01-10', 'Violência psicológica ou humilhações constantes', '2023-09-15', 'Maioridade'),
('PRONT-2023-018', 16, 'Bruna', 'Araújo', '2017-04-18', 'Feminino', 'Parda', 'Acolhido', '2023-02-25', 'Negligência grave ou omissão dos pais/responsáveis', NULL, NULL),
('PRONT-2023-019', 17, 'Gustavo', 'Cardoso', '2012-08-08', 'Masculino', 'Preta', 'Desligado', '2023-03-30', 'Abuso ou exploração sexual no ambiente familiar ou próximo', '2024-02-20', 'Adoção'),
('PRONT-2023-020', 18, 'Carolina', 'Castro', '2014-11-11', 'Feminino', 'Branca', 'Acolhido', '2023-05-15', 'Uso abusivo de drogas pelos responsáveis, impedindo o cuidado', NULL, NULL),
('PRONT-2023-021', 19, 'Leandro', 'Pires', '2009-02-14', 'Masculino', 'Parda', 'Desligado', '2023-06-20', 'Abandono material, moral ou intelectual', '2024-01-25', 'Maioridade'),
('PRONT-2023-022', 20, 'Natália', 'Viana', '2016-05-25', 'Feminino', 'Preta', 'Acolhido', '2023-08-05', 'Abandono material, moral ou intelectual', NULL, NULL),
('PRONT-2023-023', 21, 'Eduardo', 'Borges', '2018-10-10', 'Masculino', 'Branca', 'Desligado', '2023-09-10', 'Negligência grave ou omissão dos pais/responsáveis', '2024-03-01', 'Reintegração Familiar'),
('PRONT-2023-024', 22, 'Renata', 'Batista', '2015-12-05', 'Feminino', 'Parda', 'Acolhido', '2023-10-15', 'Maus-tratos físicos ou agressões frequentes', NULL, NULL),
('PRONT-2023-025', 23, 'Marcelo', 'Xavier', '2011-03-22', 'Masculino', 'Branca', 'Desligado', '2023-11-20', 'Transtornos mentais severos dos pais sem rede de apoio', '2024-04-10', 'Guarda para família extensa'),
('PRONT-2023-026', 24, 'Juliana', 'Goulart', '2017-06-30', 'Feminino', 'Parda', 'Acolhido', '2023-12-05', 'Abandono material, moral ou intelectual', NULL, NULL),
('PRONT-2024-027', 25, 'Rafael', 'Peixoto', '2013-09-15', 'Masculino', 'Preta', 'Acolhido', '2024-01-10', 'Negligência grave ou omissão dos pais/responsáveis', NULL, NULL),
('PRONT-2024-028', 26, 'Tatiane', 'Nascimento', '2019-01-20', 'Feminino', 'Branca', 'Acolhido', '2024-02-15', 'Uso abusivo de drogas pelos responsáveis, impedindo o cuidado', NULL, NULL),
('PRONT-2024-029', 27, 'Fábio', 'Farias', '2010-04-10', 'Masculino', 'Parda', 'Desligado', '2024-03-01', 'Abandono material, moral ou intelectual', '2024-05-20', 'Guarda para família extensa'),
('PRONT-2024-030', 28, 'Vanessa', 'Barros', '2016-08-05', 'Feminino', 'Branca', 'Acolhido', '2024-03-20', 'Maus-tratos físicos ou agressões frequentes', NULL, NULL),
('PRONT-2024-031', 29, 'Thiago', 'Rezende', '2012-11-12', 'Masculino', 'Parda', 'Acolhido', '2024-04-05', 'Negligência grave ou omissão dos pais/responsáveis', NULL, NULL),
('PRONT-2024-032', 30, 'Aline', 'Coutinho', '2018-02-28', 'Feminino', 'Preta', 'Acolhido', '2024-04-15', 'Abandono material, moral ou intelectual', NULL, NULL),
('PRONT-2024-033', 31, 'Lucas', 'Silva', '2014-05-18', 'Masculino', 'Branca', 'Acolhido', '2024-05-02', 'Uso abusivo de drogas pelos responsáveis, impedindo o cuidado', NULL, NULL),
('PRONT-2024-034', 32, 'Mariana', 'Souza', '2017-09-22', 'Feminino', 'Parda', 'Acolhido', '2024-05-10', 'Maus-tratos físicos ou agressões frequentes', NULL, NULL),
('PRONT-2024-035', 33, 'Carlos', 'Costa', '2011-12-05', 'Masculino', 'Branca', 'Acolhido', '2024-05-15', 'Negligência grave ou omissão dos pais/responsáveis', NULL, NULL),
('PRONT-2024-036', 34, 'Bruna', 'Ferreira', '2019-03-10', 'Feminino', 'Parda', 'Acolhido', '2024-05-20', 'Abandono material, moral ou intelectual', NULL, NULL),
('PRONT-2024-037', 35, 'Diego', 'Gomes', '2013-07-15', 'Masculino', 'Preta', 'Acolhido', '2024-05-25', 'Transtornos mentais severos dos pais sem rede de apoio', NULL, NULL),
('PRONT-2024-038', 36, 'Letícia', 'Martins', '2015-10-30', 'Feminino', 'Branca', 'Acolhido', '2024-06-01', 'Maus-tratos físicos ou agressões frequentes', NULL, NULL),
('PRONT-2024-039', 37, 'Rodrigo', 'Almeida', '2010-01-05', 'Masculino', 'Parda', 'Acolhido', '2024-06-05', 'Negligência grave ou omissão dos pais/responsáveis', NULL, NULL),
('PRONT-2024-040', 38, 'Amanda', 'Machado', '2018-04-12', 'Feminino', 'Branca', 'Acolhido', '2024-06-10', 'Uso abusivo de drogas pelos responsáveis, impedindo o cuidado', NULL, NULL),
('PRONT-2024-041', 39, 'Gustavo', 'Araújo', '2012-08-20', 'Masculino', 'Parda', 'Acolhido', '2024-06-15', 'Abandono material, moral ou intelectual', NULL, NULL),
('PRONT-2024-042', 40, 'Carolina', 'Cardoso', '2016-11-25', 'Feminino', 'Preta', 'Acolhido', '2024-06-20', 'Maus-tratos físicos ou agressões frequentes', NULL, NULL),
('PRONT-2024-043', 41, 'Leandro', 'Castro', '2014-02-14', 'Masculino', 'Branca', 'Acolhido', '2024-06-25', 'Negligência grave ou omissão dos pais/responsáveis', NULL, NULL),
('PRONT-2024-044', 42, 'Natália', 'Pires', '2017-05-18', 'Feminino', 'Parda', 'Acolhido', '2024-07-01', 'Abandono material, moral ou intelectual', NULL, NULL),
('PRONT-2024-045', 43, 'Igor', 'Viana', '2011-09-05', 'Masculino', 'Branca', 'Acolhido', '2024-07-05', 'Abandono material, moral ou intelectual', NULL, NULL),
('PRONT-2024-046', 44, 'Milena', 'Borges', '2019-12-10', 'Feminino', 'Parda', 'Acolhido', '2024-07-10', 'Uso abusivo de drogas pelos responsáveis, impedindo o cuidado', NULL, NULL),
('PRONT-2024-047', 45, 'Caio', 'Batista', '2013-03-22', 'Masculino', 'Preta', 'Acolhido', '2024-07-15', 'Maus-tratos físicos ou agressões frequentes', NULL, NULL),
('PRONT-2024-048', 46, 'Sílvia', 'Xavier', '2015-06-30', 'Feminino', 'Branca', 'Acolhido', '2024-07-20', 'Negligência grave ou omissão dos pais/responsáveis', NULL, NULL),
('PRONT-2024-049', 47, 'Alexandre', 'Goulart', '2010-10-15', 'Masculino', 'Parda', 'Acolhido', '2024-07-25', 'Abandono material, moral ou intelectual', NULL, NULL),
('PRONT-2024-050', 48, 'Sabrina', 'Peixoto', '2018-01-05', 'Feminino', 'Branca', 'Acolhido', '2024-07-30', 'Violência psicológica ou humilhações constantes', NULL, NULL),
('PRONT-2024-051', NULL, 'Bebê', 'Desconhecido', '2024-05-01', 'Masculino', 'Parda', 'Acolhido', '2024-08-01', 'Órfãos ou crianças totalmente desamparadas de família extensa', NULL, NULL),
('PRONT-2024-052', NULL, 'Menina', 'Desconhecida', '2020-05-10', 'Feminino', 'Branca', 'Acolhido', '2024-08-05', 'Órfãos ou crianças totalmente desamparadas de família extensa', NULL, NULL),
('PRONT-2024-053', NULL, 'Adolescente', 'Desconhecido', '2009-11-20', 'Masculino', 'Preta', 'Acolhido', '2024-08-10', 'Órfãos ou crianças totalmente desamparadas de família extensa', NULL, NULL),
('PRONT-2024-054', NULL, 'Criança', 'Desconhecida', '2018-03-15', 'Feminino', 'Parda', 'Acolhido', '2024-08-15', 'Órfãos ou crianças totalmente desamparadas de família extensa', NULL, NULL),
('PRONT-2024-055', NULL, 'Irmão', 'Desconhecido', '2022-07-25', 'Masculino', 'Branca', 'Acolhido', '2024-08-20', 'Órfãos ou crianças totalmente desamparadas de família extensa', NULL, NULL);

-- TABELA: acolhido_documento
INSERT INTO acolhido_documento (numero_prontuario_acolhido, id_documento) VALUES
('PRONT-2021-001', 1),
('PRONT-2021-001', 51),
('PRONT-2021-002', 2),
('PRONT-2021-002', 52),
('PRONT-2021-003', 3),
('PRONT-2021-003', 53),
('PRONT-2021-004', 4),
('PRONT-2021-004', 54),
('PRONT-2021-005', 5),
('PRONT-2021-005', 55),
('PRONT-2021-006', 6),
('PRONT-2022-007', 7),
('PRONT-2022-008', 8),
('PRONT-2022-009', 9),
('PRONT-2022-010', 10),
('PRONT-2022-011', 11),
('PRONT-2022-012', 12),
('PRONT-2022-013', 13),
('PRONT-2022-014', 14),
('PRONT-2022-015', 15),
('PRONT-2022-016', 16),
('PRONT-2023-017', 17),
('PRONT-2023-018', 18),
('PRONT-2023-019', 19),
('PRONT-2023-020', 20),
('PRONT-2023-021', 21),
('PRONT-2023-022', 22),
('PRONT-2023-023', 23),
('PRONT-2023-024', 24),
('PRONT-2023-025', 25),
('PRONT-2023-026', 26),
('PRONT-2024-027', 27),
('PRONT-2024-028', 28),
('PRONT-2024-029', 29),
('PRONT-2024-030', 30),
('PRONT-2024-031', 31),
('PRONT-2024-032', 32),
('PRONT-2024-033', 33),
('PRONT-2024-034', 34),
('PRONT-2024-035', 35),
('PRONT-2024-036', 36),
('PRONT-2024-037', 37),
('PRONT-2024-038', 38),
('PRONT-2024-039', 39),
('PRONT-2024-040', 40),
('PRONT-2024-041', 41),
('PRONT-2024-042', 42),
('PRONT-2024-043', 43),
('PRONT-2024-044', 44),
('PRONT-2024-045', 45),
('PRONT-2024-046', 46),
('PRONT-2024-047', 47),
('PRONT-2024-048', 48),
('PRONT-2024-049', 49),
('PRONT-2024-050', 50);

-- TABELA: pia
INSERT INTO pia (numero_prontuario_acolhido, data_elaboracao, data_ultima_revisao, situacao_atual) VALUES
('PRONT-2021-001', '2021-03-10', '2022-09-15', 'Encerrado'),
('PRONT-2021-002', '2021-04-05', '2023-10-20', 'Atualizado'),
('PRONT-2021-003', '2021-07-15', '2022-12-10', 'Encerrado'),
('PRONT-2021-004', '2021-08-20', '2024-02-15', 'Atualizado'),
('PRONT-2021-005', '2021-10-05', '2022-04-10', 'Encerrado'),
('PRONT-2021-006', '2021-11-12', '2024-01-05', 'Atualizado'),
('PRONT-2022-007', '2022-02-15', '2023-07-20', 'Encerrado'),
('PRONT-2022-008', '2022-03-20', '2024-05-10', 'Atualizado'),
('PRONT-2022-009', '2022-05-10', '2023-10-30', 'Encerrado'),
('PRONT-2022-010', '2022-06-05', '2024-03-15', 'Atualizado'),
('PRONT-2022-011', '2022-06-05', '2024-03-15', 'Atualizado'),
('PRONT-2022-012', '2022-07-18', '2023-12-05', 'Encerrado'),
('PRONT-2022-013', '2022-09-01', '2024-04-20', 'Atualizado'),
('PRONT-2022-014', '2022-10-15', '2023-11-10', 'Encerrado'),
('PRONT-2022-015', '2022-11-20', '2024-05-25', 'Atualizado'),
('PRONT-2022-016', '2022-11-20', '2024-05-25', 'Atualizado'),
('PRONT-2023-017', '2023-02-10', '2023-08-15', 'Encerrado'),
('PRONT-2023-018', '2023-03-25', '2024-02-20', 'Atualizado'),
('PRONT-2023-019', '2023-04-30', '2024-01-20', 'Encerrado'),
('PRONT-2023-020', '2023-06-15', '2024-06-05', 'Atualizado'),
('PRONT-2023-021', '2023-07-20', '2023-12-25', 'Encerrado'),
('PRONT-2023-022', '2023-09-05', '2024-03-10', 'Atualizado'),
('PRONT-2023-023', '2023-10-10', '2024-02-01', 'Encerrado'),
('PRONT-2023-024', '2023-11-15', '2024-05-15', 'Atualizado'),
('PRONT-2023-025', '2023-12-20', '2024-03-10', 'Encerrado'),
('PRONT-2023-026', '2024-01-05', '2024-06-10', 'Atualizado'),
('PRONT-2024-027', '2024-02-10', NULL, 'Pendente'),
('PRONT-2024-028', '2024-03-15', NULL, 'Pendente'),
('PRONT-2024-029', '2024-04-01', '2024-05-10', 'Encerrado'),
('PRONT-2024-030', '2024-04-20', NULL, 'Pendente'),
('PRONT-2024-031', '2024-05-05', NULL, 'Pendente'),
('PRONT-2024-032', '2024-05-15', NULL, 'Pendente'),
('PRONT-2024-033', '2024-06-02', NULL, 'Pendente'),
('PRONT-2024-034', '2024-06-10', NULL, 'Pendente'),
('PRONT-2024-035', '2024-06-15', NULL, 'Pendente'),
('PRONT-2024-036', '2024-06-20', NULL, 'Pendente'),
('PRONT-2024-037', '2024-06-25', NULL, 'Pendente'),
('PRONT-2024-038', '2024-07-01', NULL, 'Pendente'),
('PRONT-2024-039', '2024-07-05', NULL, 'Pendente'),
('PRONT-2024-040', '2024-07-10', NULL, 'Pendente'),
('PRONT-2024-041', '2024-07-15', NULL, 'Pendente'),
('PRONT-2024-042', '2024-07-20', NULL, 'Pendente'),
('PRONT-2024-043', '2024-07-25', NULL, 'Pendente'),
('PRONT-2024-044', '2024-08-01', NULL, 'Pendente'),
('PRONT-2024-045', '2024-08-05', NULL, 'Pendente'),
('PRONT-2024-046', '2024-08-10', NULL, 'Pendente'),
('PRONT-2024-047', '2024-08-15', NULL, 'Pendente'),
('PRONT-2024-048', '2024-08-20', NULL, 'Pendente'),
('PRONT-2024-049', '2024-08-25', NULL, 'Pendente'),
('PRONT-2024-050', '2024-08-30', NULL, 'Pendente'),
('PRONT-2024-051', '2024-08-10', NULL, 'Pendente'),
('PRONT-2024-052', '2024-08-15', NULL, 'Pendente'),
('PRONT-2024-053', '2024-08-20', NULL, 'Pendente'),
('PRONT-2024-054', '2024-08-25', NULL, 'Pendente'),
('PRONT-2024-055', '2024-08-30', NULL, 'Pendente');

-- TABELA: atendimento
INSERT INTO atendimento (numero_prontuario_acolhido, matricula_colaborador, data_realizacao, horario_realizacao, tipo, descricao, encaminhamento) VALUES
('PRONT-2021-001', 'MAT-001', '2021-02-12', '14:30', 'Estudo Social', 'Entrevista inicial com genitora para mapeamento da rede de apoio e entendimento da dinâmica familiar.', 'Agendada visita domiciliar para a próxima semana.'),
('PRONT-2021-002', 'MAT-003', '2021-03-10', '09:00', 'Atendimento Psicológico', 'Criança apresenta choro frequente, demonstrando saudade da figura materna. Realizado acolhimento lúdico.', 'Manter acompanhamento semanal.'),
('PRONT-2021-003', 'MAT-002', '2021-06-20', '20:00', 'Evolução Diária', 'Adolescente recusou o jantar e isolou-se no quarto. Demonstrou irritabilidade durante o plantão.', 'Observação redobrada pela equipe do plantão noturno.'),
('PRONT-2021-004', 'MAT-001', '2021-07-25', '10:00', 'Articulação de Rede', 'Contato telefônico com o CAPS AD para verificar adesão dos genitores ao tratamento.', 'Aguardar relatório técnico do CAPS.'),
('PRONT-2021-005', 'MAT-004', '2021-09-15', '14:00', 'Reunião de Rede', 'Reunião com CREAS e Conselho Tutelar para discutir a possibilidade de guarda para a avó materna.', 'Avançar com o estudo social da família extensa.'),
('PRONT-2021-006', 'MAT-002', '2021-10-15', '07:30', 'Evolução Diária', 'Acolhida acordou disposta, tomou café da manhã normalmente e foi para a escola com a perua escolar.', 'Sem encaminhamentos.'),
('PRONT-2022-007', 'MAT-003', '2022-01-20', '15:00', 'Avaliação Psicológica', 'Início da preparação para o processo de destituição do poder familiar e cadastro no SNA.', 'Sessões quinzenais focadas no projeto de vida.'),
('PRONT-2022-008', 'MAT-001', '2022-02-25', '16:00', 'Visita Domiciliar', 'Visita ao endereço dos tios paternos. Residência apresenta condições adequadas, mas tios relutam em assumir os cuidados.', 'Continuar trabalho de sensibilização.'),
('PRONT-2022-009', 'MAT-002', '2022-04-12', '18:00', 'Evolução Diária', 'Retorno da escola com advertência por conflito com colega de sala. Conversado sobre regras de convivência.', 'Informar a equipe técnica.'),
('PRONT-2022-010', 'MAT-001', '2022-05-10', '09:30', 'Audiência Concentrada', 'Participação na audiência no Fórum. Juiz determinou a manutenção do acolhimento por mais 3 meses.', 'Atualizar o PIA com as novas diretrizes.'),
('PRONT-2022-011', 'MAT-001', '2022-05-10', '09:30', 'Audiência Concentrada', 'Participação conjunta na audiência com a irmã (PRONT-010). Determinação de não separação dos vínculos fraternos.', 'Garantir atividades conjuntas na rotina.'),
('PRONT-2022-012', 'MAT-003', '2022-06-25', '11:00', 'Atendimento Psicológico', 'Escuta sobre os episódios de violência pregressa. Acolhida consegue expressar os medos através de desenhos.', 'Incluir na oficina de arteterapia.'),
('PRONT-2022-013', 'MAT-002', '2022-08-05', '12:30', 'Acompanhamento Médico', 'Levado à UBS para consulta de rotina. Atualização da carteira de vacinação.', 'Administrar medicação conforme receituário.'),
('PRONT-2022-014', 'MAT-026', '2022-09-20', '14:00', 'Estudo Social', 'Entrevista com genitora que iniciou tratamento psiquiátrico. Mostrou-se lúcida e com desejo de reatar vínculos.', 'Agendar primeira visita supervisionada no serviço.'),
('PRONT-2022-015', 'MAT-001', '2022-10-25', '10:00', 'Elaboração de PIA', 'Construção do Plano Individual com foco no fortalecimento de vínculos com o pai recém-localizado.', 'Submeter ao judiciário.'),
('PRONT-2022-016', 'MAT-001', '2022-10-25', '10:00', 'Elaboração de PIA', 'Construção do PIA alinhado com o irmão (PRONT-015). Foco na adaptação escolar.', 'Acompanhamento letivo.'),
('PRONT-2023-017', 'MAT-004', '2023-01-15', '15:30', 'Reunião de Equipe', 'Discussão de caso. Decidido iniciar preparação para o desligamento institucional devido à proximidade da maioridade.', 'Acionar rede de cursos profissionalizantes.'),
('PRONT-2023-018', 'MAT-002', '2023-03-01', '08:00', 'Evolução Diária', 'Acolhida com febre durante a madrugada. Medicada com antitérmico conforme prescrição contínua.', 'Observar sintomas durante o dia.'),
('PRONT-2023-019', 'MAT-003', '2023-04-10', '14:00', 'Atendimento Psicológico', 'Trabalho de preparação para aproximação com família substituta (pretendentes à adoção).', 'Início do estágio de convivência.'),
('PRONT-2023-020', 'MAT-001', '2023-05-20', '09:00', 'Visita Domiciliar', 'Verificação das condições de moradia após a reforma feita pela família. Ambiente adequado e seguro.', 'Sinalizar juízo com parecer favorável à reintegração.'),
('PRONT-2023-021', 'MAT-026', '2023-06-25', '11:00', 'Articulação de Rede', 'Matrícula realizada no curso técnico de administração no SENAI. Jovem acompanhado no trajeto.', 'Fornecer passe escolar.'),
('PRONT-2023-022', 'MAT-002', '2023-08-10', '16:00', 'Atividade Externa', 'Passeio ao parque da cidade com os demais acolhidos. Comportamento adequado e interativo.', 'Sem encaminhamentos.'),
('PRONT-2023-023', 'MAT-001', '2023-09-15', '10:30', 'Reunião de Rede', 'Discussão com equipe da UBS sobre a falta de vagas para neuropediatra.', 'Acionar Ministério Público para garantia do direito à saúde.'),
('PRONT-2023-024', 'MAT-003', '2023-10-20', '09:00', 'Atendimento Psicológico', 'Acolhida relatou pesadelos com o antigo convívio familiar. Realizado relaxamento guiado.', 'Atenção aos plantões noturnos.'),
('PRONT-2023-025', 'MAT-004', '2023-11-25', '14:00', 'Desligamento', 'Assinatura do termo de guarda pelo tio paterno. Realizada entrega dos pertences e documentação original.', 'Encerrar prontuário no sistema.'),
('PRONT-2023-026', 'MAT-001', '2023-12-10', '11:00', 'Estudo Social', 'Tentativa de localização da genitora sem sucesso. Vizinhos informaram mudança de cidade.', 'Oficiar fórum para busca em sistemas conveniados.'),
('PRONT-2024-027', 'MAT-002', '2024-01-15', '06:30', 'Evolução Diária', 'Acolhido ajudou a arrumar a cama e organizar os brinquedos. Receptivo às orientações.', 'Elogiar o comportamento positivo.'),
('PRONT-2024-028', 'MAT-003', '2024-02-20', '15:00', 'Atendimento Psicológico', 'Resistência em falar sobre os motivos do acolhimento. Uso de jogos de tabuleiro para criar vínculo.', 'Respeitar o tempo da criança.'),
('PRONT-2024-029', 'MAT-001', '2024-03-05', '09:30', 'Reunião de Rede', 'Encontro com orientadora pedagógica da escola municipal. Criança apresenta déficit de atenção.', 'Solicitar avaliação psicopedagógica.'),
('PRONT-2024-030', 'MAT-026', '2024-03-25', '14:00', 'Visita Supervisionada', 'Encontro semanal com o pai no abrigo. Pai chegou no horário, trouxe lanche e interagiu positivamente.', 'Manter o regime atual de visitas.'),
('PRONT-2024-031', 'MAT-002', '2024-04-10', '19:00', 'Evolução Diária', 'Jantar tranquilo. Acolhido pediu para assistir filme antes de dormir.', 'Autorizado conforme rotina da casa.'),
('PRONT-2024-032', 'MAT-001', '2024-04-20', '10:00', 'Audiência Concentrada', 'Juiz solicitou novo parecer técnico em 60 dias antes de decidir sobre a destituição.', 'Agendar reavaliação psicossocial.'),
('PRONT-2024-033', 'MAT-003', '2024-05-05', '08:30', 'Atendimento Psicológico', 'Adolescente expressou frustração com o longo tempo de acolhimento institucional.', 'Trabalhar manejo da ansiedade.'),
('PRONT-2024-034', 'MAT-004', '2024-05-15', '16:00', 'Reunião de Equipe', 'Alinhamento sobre a rotina de férias escolares e cronograma de passeios.', 'Aprovar orçamento das atividades.'),
('PRONT-2024-035', 'MAT-001', '2024-05-20', '11:00', 'Articulação de Rede', 'Solicitada 2ª via da certidão de nascimento no cartório civil.', 'Retirar documento no prazo de 5 dias.'),
('PRONT-2024-036', 'MAT-002', '2024-05-25', '12:00', 'Evolução Diária', 'Recusou o almoço alegando dor de estômago. Acolhida deitada na enfermaria.', 'Ministrar soro e acionar coordenação se houver piora.'),
('PRONT-2024-037', 'MAT-001', '2024-05-30', '14:30', 'Estudo Social', 'Entrevista com vizinhos da família de origem. Relatos confirmam melhora no convívio no bairro.', 'Incluir no relatório para o fórum.'),
('PRONT-2024-038', 'MAT-003', '2024-06-05', '09:00', 'Avaliação Psicológica', 'Criança demonstra regressão comportamental (enurese noturna) após visita cancelada pela mãe.', 'Comunicar serviço social para contato com a genitora.'),
('PRONT-2024-039', 'MAT-026', '2024-06-10', '15:00', 'Acompanhamento Médico', 'Consulta no dentista. Realizada limpeza e aplicação de flúor.', 'Agendar retorno em 6 meses.'),
('PRONT-2024-040', 'MAT-002', '2024-06-15', '07:00', 'Evolução Diária', 'Acordou bem, organizou seus pertences para a escola.', 'Sem intercorrências.'),
('PRONT-2024-041', 'MAT-001', '2024-06-20', '10:00', 'Elaboração de PIA', 'Revisão do PIA com a presença da adolescente. Concordou com as metas estabelecidas.', 'Arquivar termo assinado.'),
('PRONT-2024-042', 'MAT-004', '2024-06-25', '14:00', 'Reunião de Rede', 'Discussão do caso no CREAS. Família segue resistente ao CRAS do território.', 'Realizar visita conjunta (SAICA + CREAS).'),
('PRONT-2024-043', 'MAT-001', '2024-06-30', '09:00', 'Visita Domiciliar', 'Tentativa de visita. Residência fechada e sem moradores. Deixado aviso de comparecimento.', 'Tentar contato telefônico novamente.'),
('PRONT-2024-044', 'MAT-003', '2024-07-05', '16:00', 'Atendimento Psicológico', 'Evolução positiva. Acolhida consegue reconhecer figuras de afeto dentro do abrigo.', 'Fortalecer laços com a equipe de cuidadores.'),
('PRONT-2024-045', 'MAT-002', '2024-07-10', '21:00', 'Evolução Diária', 'Dificuldade para pegar no sono. Solicitou que deixasse a luz do corredor acesa.', 'Anotado no livro de plantão para ciência da psicologia.'),
('PRONT-2024-046', 'MAT-001', '2024-07-15', '11:00', 'Audiência Concentrada', 'Fórum determinou início da aproximação com os avós maternos, residentes em outra comarca.', 'Expedir carta precatória para o CRAS da outra cidade.'),
('PRONT-2024-047', 'MAT-026', '2024-07-20', '14:30', 'Articulação de Rede', 'Agendada emissão de RG no Poupatempo.', 'Providenciar transporte para o dia.'),
('PRONT-2024-048', 'MAT-002', '2024-07-25', '08:00', 'Evolução Diária', 'Criança agitada pela manhã. Envolveu-se em discussão verbal por causa da televisão.', 'Mediação de conflitos realizada no momento.'),
('PRONT-2024-049', 'MAT-003', '2024-07-30', '09:30', 'Avaliação Psicológica', 'Aplicação de teste projetivo (HTP). A criança demonstra percepção do ambiente atual como seguro.', 'Consolidar laudo.'),
('PRONT-2024-050', 'MAT-001', '2024-08-05', '15:00', 'Visita Supervisionada', 'Mãe compareceu alcoolizada para a visita. Encontro não autorizado pela equipe técnica.', 'Registrar boletim de ocorrência por precaução e avisar o juízo.'),
('PRONT-2024-051', 'MAT-004', '2024-08-01', '22:00', 'Acolhimento Emergencial', 'Entrada do bebê via Conselho Tutelar. Recebido com roupas sujas, providenciado banho e mamadeira.', 'Agendar pediatra com urgência.'),
('PRONT-2024-052', 'MAT-001', '2024-08-05', '10:00', 'Atendimento Inicial', 'Busca ativa no banco de desaparecidos. Nenhuma ocorrência correspondente até o momento.', 'Solicitar apoio da mídia local, se juiz autorizar.'),
('PRONT-2024-053', 'MAT-003', '2024-08-10', '14:00', 'Escuta Inicial', 'Adolescente nega fornecer dados da família. Demonstra comportamento de esquiva.', 'Abordagem gradual sem forçar o vínculo inicial.'),
('PRONT-2024-054', 'MAT-002', '2024-08-15', '18:00', 'Evolução Diária', 'Criança alimentou-se muito rápido. Permanece calada em um canto da sala.', 'Oferecer brinquedos para aproximação sutil.'),
('PRONT-2024-055', 'MAT-001', '2024-08-20', '09:00', 'Estudo Social Inicial', 'Contato com a delegacia da mulher para apurar as circunstâncias do abandono relatado no BO.', 'Aguardar cópia integral do inquérito policial.');